{"cameraMode":{"drawMode":0,"name":"Shaded","section":"Shading Mode"},"sceneLighting":false,"audioPlay":false,"sceneViewState":{"showFog":true,"showMaterialUpdate":true,"showSkybox":true,"showFlares":true,"showImageEffects":true,"showParticleSystems":true},"in2DMode":false,"pivot":{"x":525.322998046875,"y":148.35272216796876,"z":79.3258285522461},"rotation":{"x":0.6432435512542725,"y":0.1168118417263031,"z":-0.10017956048250199,"w":0.7500379085540772},"size":601.3778076171875,"orthographic":false}