{"cameraMode":{"drawMode":0,"name":"Shaded","section":"Shading Mode"},"sceneLighting":false,"audioPlay":false,"sceneViewState":{"showFog":true,"showMaterialUpdate":true,"showSkybox":true,"showFlares":true,"showImageEffects":true,"showParticleSystems":true},"in2DMode":false,"pivot":{"x":-0.0000762939453125,"y":65.8095703125,"z":-0.0000762939453125},"rotation":{"x":0.4514763057231903,"y":0.038792673498392108,"z":-0.019651610404253007,"w":0.8912228345870972},"size":288.74615478515627,"orthographic":true}