{"cameraMode":{"drawMode":0,"name":"Shaded","section":"Shading Mode"},"sceneLighting":false,"audioPlay":false,"sceneViewState":{"showFog":true,"showMaterialUpdate":true,"showSkybox":true,"showFlares":true,"showImageEffects":true,"showParticleSystems":true},"in2DMode":false,"pivot":{"x":250.0000457763672,"y":101.81851959228516,"z":0.00000762939453125},"rotation":{"x":0.35797587037086489,"y":-0.0601651705801487,"z":0.023121636360883714,"w":0.9315035343170166},"size":424.8614196777344,"orthographic":false}