{"cameraMode":{"drawMode":0,"name":"Shaded","section":"Shading Mode"},"sceneLighting":false,"audioPlay":false,"sceneViewState":{"showFog":true,"showMaterialUpdate":false,"showSkybox":true,"showFlares":true,"showImageEffects":true,"showParticleSystems":true},"in2DMode":false,"pivot":{"x":-0.0000762939453125,"y":65.8095703125,"z":749.9999389648438},"rotation":{"x":0.5898632407188416,"y":0.16627924144268037,"z":-0.1257248967885971,"w":0.780131995677948},"size":288.7462158203125,"orthographic":false}