{"cameraMode":{"drawMode":0,"name":"Shaded","section":"Shading Mode"},"sceneLighting":false,"audioPlay":false,"sceneViewState":{"showFog":true,"showMaterialUpdate":true,"showSkybox":true,"showFlares":true,"showImageEffects":true,"showParticleSystems":true},"in2DMode":false,"pivot":{"x":375.0,"y":117.89154815673828,"z":-874.9999389648438},"rotation":{"x":0.35797587037086489,"y":-0.0601651705801487,"z":0.023121636360883714,"w":0.9315035343170166},"size":477.2508850097656,"orthographic":false}